model,memory,gpu,n_gpus,batch_size,policy,prefetch_depth,prefetch_width,trace_source,label,feasible,hbm_slots,total_slots,resident_frac,hit_rate,expert_hit_rate,prefetch_coverage,bytes_per_token,bytes_per_batch,compute_s,stall_s,overhead,throughput_tok_s,baseline_tok_s,slowdown,n_batches,target_resident_frac,critical_batch
OLMoE-1B-7B,hbm_cxl_local,H100-SXM,1,16,balanced_static,0,0.0,synthetic,balanced_static,True,512,44202,0.5,0.7343024015426636,0.5619852161122851,0.0,246143424.0,3938294784.0,0.26681778631571285,310.4051248368879,1163.3599435893686,210.94920721400612,245620.8070119222,1164.3599435893686,4096,0.5,266582.53616304614
OLMoE-1B-7B,hbm_cxl_local,H100-SXM,1,64,balanced_static,0,0.0,synthetic,balanced_static,True,512,44202,0.5,0.7343024015426636,0.505522823708795,0.0,96635904.0,6184697856.0,0.26681778631571285,121.74604182304178,456.2890784161797,537.1237114663434,245620.8070119222,457.2890784161798,1024,0.5,300946.41683200106
OLMoE-1B-7B,hbm_cxl_local,H100-SXM,1,256,balanced_static,0,0.0,synthetic,balanced_static,True,512,44202,0.5,0.7343024015426636,0.5000057221113828,0.0,25165248.0,6442303488.0,0.26681778631571285,31.559351391964846,118.28053829448297,2059.185936984347,245620.8070119222,119.28053829448298,256,0.5,304304.2097426723
OLMoE-1B-7B,hbm_cxl_local,H100-SXM,1,1024,balanced_static,0,0.0,synthetic,balanced_static,True,512,44202,0.5,0.7343024015426636,0.5,0.0,6291456.0,6442450944.0,0.26681778631571285,7.7430758513494595,29.0200887964322,8181.881428715611,245620.8070119222,30.0200887964322,64,0.5,304307.6923076923
OLMoE-1B-7B,hbm_cxl_local,H100-SXM,1,4096,balanced_static,0,0.0,synthetic,balanced_static,True,512,44202,0.5,0.7343024015426636,0.5,0.0,1572864.0,6442450944.0,0.26681778631571285,1.788825256887921,6.704295397951053,31881.021472417156,245620.8070119222,7.704295397951054,16,0.5,304307.6923076923
OLMoE-1B-7B,hbm_cxl_local,H100-SXM,1,16384,balanced_static,0,0.0,synthetic,balanced_static,True,512,44202,0.5,0.7343024015426636,0.5,0.0,393216.0,6442450944.0,0.26681778631571285,0.30026260827253637,1.1253470483307655,115567.38802015006,245620.8070119222,2.1253470483307657,4,0.5,304307.6923076923
OLMoE-1B-7B,hbm_cxl_local,H100-SXM,1,16,balanced_static,0,0.0,synthetic,balanced_static,True,768,44458,0.75,0.8895716667175293,0.7975861297271626,0.0,113746944.0,1819951104.0,0.26681778631571285,143.29652455680957,537.0576172431532,456.49536246770356,245620.8070119222,538.0576172431533,4096,0.75,123192.19550759152
OLMoE-1B-7B,hbm_cxl_local,H100-SXM,1,64,balanced_static,0,0.0,synthetic,balanced_static,True,768,44458,0.75,0.8895716667175293,0.7553982985989329,0.0,47802624.0,3059367936.0,0.26681778631571285,60.08335279680956,225.18496096701654,1085.9289935184502,245620.8070119222,226.18496096701654,1024,0.75,148868.3585757879
OLMoE-1B-7B,hbm_cxl_local,H100-SXM,1,256,balanced_static,0,0.0,synthetic,balanced_static,True,768,44458,0.75,0.8895716667175293,0.7500047684261524,0.0,12582528.0,3221127168.0,0.26681778631571285,15.640163484194174,58.61739466531631,4119.952044043571,245620.8070119222,59.61739466531631,256,0.75,152150.94401632942
OLMoE-1B-7B,hbm_cxl_local,H100-SXM,1,1024,balanced_static,0,0.0,synthetic,balanced_static,True,768,44458,0.75,0.8895716667175293,0.75,0.0,3145728.0,3221225472.0,0.26681778631571285,3.732146853424942,13.987623932269903,16388.241933604648,245620.8070119222,14.987623932269903,64,0.75,152153.84615384616
OLMoE-1B-7B,hbm_cxl_local,H100-SXM,1,4096,balanced_static,0,0.0,synthetic,balanced_static,True,768,44458,0.75,0.8895716667175293,0.75,0.0,786432.0,3221225472.0,0.26681778631571285,0.7550215561941729,2.829727233029329,64135.32663464264,245620.8070119222,3.8297272330293293,16,0.75,152153.84615384616
OLMoE-1B-7B,hbm_cxl_local,H100-SXM,1,16384,balanced_static,0,0.0,synthetic,balanced_static,True,768,44458,0.75,0.8895716667175293,0.75,0.0,196608.0,3221225472.0,0.26681778631571285,0.01074023188648052,0.040253058219185255,236116.39982332927,245620.8070119222,1.0402530582191856,4,0.75,152153.84615384616
OLMoE-1B-7B,hbm_cxl_local,H100-SXM,1,16,balanced_static,0,0.0,synthetic,balanced_static,True,922,44612,0.900390625,0.9618061780929565,0.9250254968250687,0.0,42132096.0,674113536.0,0.26681778631571285,52.91104373370169,198.30403536552305,1232.3925431888738,245620.8070119222,199.30403536552305,4096,0.9,45630.63608615816
OLMoE-1B-7B,hbm_cxl_local,H100-SXM,1,64,balanced_static,0,0.0,synthetic,balanced_static,True,922,44612,0.900390625,0.9618061780929565,0.9038224050882876,0.0,18796032.0,1202946048.0,0.26681778631571285,23.461525519158002,87.93089037698968,2761.929021183792,245620.8070119222,88.93089037698968,1024,0.9,58535.16391857451
OLMoE-1B-7B,hbm_cxl_local,H100-SXM,1,256,balanced_static,0,0.0,synthetic,balanced_static,True,922,44612,0.900390625,0.9618061780929565,0.9003932997890448,0.0,5013312.0,1283407872.0,0.26681778631571285,6.069521982234923,22.74781627583532,10342.879705611274,245620.8070119222,23.747816275835316,256,0.9,60622.1701591598
OLMoE-1B-7B,hbm_cxl_local,H100-SXM,1,1024,balanced_static,0,0.0,synthetic,balanced_static,True,922,44612,0.900390625,0.9618061780929565,0.900390625,0.0,1253376.0,1283457024.0,0.26681778631571285,1.324970818850307,4.965826443378598,41171.296105091,245620.8070119222,5.965826443378599,64,0.9,60623.79807692308
OLMoE-1B-7B,hbm_cxl_local,H100-SXM,1,4096,balanced_static,0,0.0,synthetic,balanced_static,True,922,44612,0.900390625,0.9618061780929565,0.900390625,0.0,313344.0,1283457024.0,0.26681778631571285,0.13877245823492257,0.5201019772749321,161581.7956188989,245620.8070119222,1.5201019772749322,16,0.9,60623.79807692308
OLMoE-1B-7B,hbm_cxl_local,H100-SXM,1,16384,balanced_static,0,0.0,synthetic,balanced_static,True,922,44612,0.900390625,0.9618061780929565,0.900390625,0.0,78336.0,1283457024.0,0.26681778631571285,0.0,0.0,245620.8070119222,245620.8070119222,1.0,4,0.9,60623.79807692308
OLMoE-1B-7B,hbm_cxl_local,H100-SXM,1,16,balanced_static,0,0.0,synthetic,balanced_static,True,973,44663,0.9501953125,0.9821962118148804,0.9639002540286692,0.0,20286336.0,324581376.0,0.26681778631571285,25.365765202258867,95.06774474264155,2556.7458429457497,245620.8070119222,96.06774474264157,4096,0.95,21970.860778859183
OLMoE-1B-7B,hbm_cxl_local,H100-SXM,1,64,balanced_static,0,0.0,synthetic,balanced_static,True,973,44663,0.9501953125,0.9821962118148804,0.9523307072535017,0.0,9316032.0,596226048.0,0.26681778631571285,11.49363709874688,43.07672759546473,5572.573564585482,245620.8070119222,44.07672759546474,1024,0.95,29012.26493925345
OLMoE-1B-7B,hbm_cxl_local,H100-SXM,1,256,balanced_static,0,0.0,synthetic,balanced_static,True,973,44663,0.9501953125,0.9821962118148804,0.9501947425240614,0.0,2506752.0,641728512.0,0.26681778631571285,2.9011282093435664,10.873069031128228,20687.221338304837,245620.8070119222,11.873069031128228,256,0.95,30312.245934586605
OLMoE-1B-7B,hbm_cxl_local,H100-SXM,1,1024,balanced_static,0,0.0,synthetic,balanced_static,True,973,44663,0.9501953125,0.9821962118148804,0.9501953125,0.0,626688.0,641728512.0,0.26681778631571285,0.5287314881127976,1.9816200989208967,82378.3040303548,245620.8070119222,2.9816200989208967,64,0.95,30311.89903846154
OLMoE-1B-7B,hbm_cxl_local,H100-SXM,1,4096,balanced_static,0,0.0,synthetic,balanced_static,True,973,44663,0.9501953125,0.9821962118148804,0.9501953125,0.0,156672.0,641728512.0,0.26681778631571285,0.0,0.0,245620.8070119222,245620.8070119222,1.0,16,0.95,30311.89903846154
OLMoE-1B-7B,hbm_cxl_local,H100-SXM,1,16384,balanced_static,0,0.0,synthetic,balanced_static,True,973,44663,0.9501953125,0.9821962118148804,0.9501953125,0.0,39168.0,641728512.0,0.26681778631571285,0.0,0.0,245620.8070119222,245620.8070119222,1.0,4,0.95,30311.89903846154
OLMoE-1B-7B,hbm_cxl_local,H100-SXM,1,16,balanced_static,0,0.0,synthetic,balanced_static,True,1014,44704,0.990234375,0.9967248439788818,0.9931588217306407,0.0,3844416.0,61510656.0,0.26681778631571285,4.770507860444521,17.879272316575648,13010.07808422106,245620.8070119222,18.879272316575648,4096,0.99,4163.646343628498
OLMoE-1B-7B,hbm_cxl_local,H100-SXM,1,64,balanced_static,0,0.0,synthetic,balanced_static,True,1014,44704,0.990234375,0.9967248439788818,0.9907404405487161,0.0,1809600.0,115814400.0,0.26681778631571285,2.130865544633691,7.986220012006017,27333.050680237204,245620.8070119222,8.986220012006015,1024,0.99,5635.510336812154
OLMoE-1B-7B,hbm_cxl_local,H100-SXM,1,256,balanced_static,0,0.0,synthetic,balanced_static,True,1014,44704,0.990234375,0.9967248439788818,0.9902342632400121,0.0,491520.0,125829120.0,0.26681778631571285,0.45434719035514975,1.7028369683629045,90875.18407027471,245620.8070119222,2.7028369683629045,256,0.99,5943.577634232654
OLMoE-1B-7B,hbm_cxl_local,H100-SXM,1,1024,balanced_static,0,0.0,synthetic,balanced_static,True,1014,44704,0.990234375,0.9967248439788818,0.990234375,0.0,122880.0,125829120.0,0.26681778631571285,0.0,0.0,245620.8070119222,245620.8070119222,1.0,64,0.99,5943.509615384615
OLMoE-1B-7B,hbm_cxl_local,H100-SXM,1,4096,balanced_static,0,0.0,synthetic,balanced_static,True,1014,44704,0.990234375,0.9967248439788818,0.990234375,0.0,30720.0,125829120.0,0.26681778631571285,0.0,0.0,245620.8070119222,245620.8070119222,1.0,16,0.99,5943.509615384615
OLMoE-1B-7B,hbm_cxl_local,H100-SXM,1,16384,balanced_static,0,0.0,synthetic,balanced_static,True,1014,44704,0.990234375,0.9967248439788818,0.990234375,0.0,7680.0,125829120.0,0.26681778631571285,0.0,0.0,245620.8070119222,245620.8070119222,1.0,4,0.99,5943.509615384615
OLMoE-1B-7B,hbm_cxl_local,H100-SXM,1,16,balanced_static,0,0.0,synthetic,balanced_static,True,1024,44714,1.0,1.0,1.0,0.0,0.0,0.0,0.26681778631571285,0.0,0.0,245620.8070119222,245620.8070119222,1.0,4096,1.0,0.0
OLMoE-1B-7B,hbm_cxl_local,H100-SXM,1,64,balanced_static,0,0.0,synthetic,balanced_static,True,1024,44714,1.0,1.0,1.0,0.0,0.0,0.0,0.26681778631571285,0.0,0.0,245620.8070119222,245620.8070119222,1.0,1024,1.0,0.0
OLMoE-1B-7B,hbm_cxl_local,H100-SXM,1,256,balanced_static,0,0.0,synthetic,balanced_static,True,1024,44714,1.0,1.0,1.0,0.0,0.0,0.0,0.26681778631571285,0.0,0.0,245620.8070119222,245620.8070119222,1.0,256,1.0,0.0
OLMoE-1B-7B,hbm_cxl_local,H100-SXM,1,1024,balanced_static,0,0.0,synthetic,balanced_static,True,1024,44714,1.0,1.0,1.0,0.0,0.0,0.0,0.26681778631571285,0.0,0.0,245620.8070119222,245620.8070119222,1.0,64,1.0,0.0
OLMoE-1B-7B,hbm_cxl_local,H100-SXM,1,4096,balanced_static,0,0.0,synthetic,balanced_static,True,1024,44714,1.0,1.0,1.0,0.0,0.0,0.0,0.26681778631571285,0.0,0.0,245620.8070119222,245620.8070119222,1.0,16,1.0,0.0
OLMoE-1B-7B,hbm_cxl_local,H100-SXM,1,16384,balanced_static,0,0.0,synthetic,balanced_static,True,1024,44714,1.0,1.0,1.0,0.0,0.0,0.0,0.26681778631571285,0.0,0.0,245620.8070119222,245620.8070119222,1.0,4,1.0,0.0
Mixtral-8x7B,hbm_cxl_local,H100-SXM,1,16,balanced_static,0,0.0,synthetic,balanced_static,True,128,1688,0.5,0.7397811412811279,0.5285411230141216,0.0,2492281344.0,39876501504.0,3.73544900841998,3138.4171552035787,840.1713283006549,20.85703918776898,17544.343357994443,841.1713283006549,4096,0.5,143468.56287354886
Mixtral-8x7B,hbm_cxl_local,H100-SXM,1,64,balanced_static,0,0.0,synthetic,balanced_static,True,128,1688,0.5,0.7397811412811279,0.5000934775558481,0.0,704379648.0,45080297472.0,3.73544900841998,885.0109808487383,236.92224920052655,73.73981801595886,17544.343357994443,237.92224920052658,1024,0.5,152125.40021454348
Mixtral-8x7B,hbm_cxl_local,H100-SXM,1,256,balanced_static,0,0.0,synthetic,balanced_static,True,128,1688,0.5,0.7397811412811279,0.5,0.0,176160768.0,45097156608.0,3.73544900841998,219.2631866625844,58.69794666406872,293.885206081202,17544.343357994443,59.69794666406872,256,0.5,152153.84615384616
Mixtral-8x7B,hbm_cxl_local,H100-SXM,1,1024,balanced_static,0,0.0,synthetic,balanced_static,True,128,1688,0.5,0.7397811412811279,0.5,0.0,44040192.0,45097156608.0,3.73544900841998,52.743235617661306,14.119650810056337,1160.3669673591537,17544.343357994443,15.119650810056337,64,0.5,152153.84615384616
Mixtral-8x7B,hbm_cxl_local,H100-SXM,1,4096,balanced_static,0,0.0,synthetic,balanced_static,True,128,1688,0.5,0.7397811412811279,0.5,0.0,11010048.0,45097156608.0,3.73544900841998,11.113247856430533,2.975076846553238,4413.585959528562,17544.343357994443,3.975076846553238,16,0.5,152153.84615384616
Mixtral-8x7B,hbm_cxl_local,H100-SXM,1,16384,balanced_static,0,0.0,synthetic,balanced_static,True,128,1688,0.5,0.7397811412811279,0.5,0.0,2752512.0,45097156608.0,3.73544900841998,0.7057509161228406,0.18893335567746355,14756.372402385447,17544.343357994443,1.1889333556774635,4,0.5,152153.84615384616
Mixtral-8x7B,hbm_cxl_local,H100-SXM,1,16,balanced_static,0,0.0,synthetic,balanced_static,True,192,1752,0.75,0.8894736766815186,0.7745286875659756,0.0,1191912960.0,19070607360.0,3.73544900841998,1498.9987188428781,401.29010340230144,43.611173154934924,17544.343357994443,402.29010340230144,4096,0.75,68612.65476838466
Mixtral-8x7B,hbm_cxl_local,H100-SXM,1,64,balanced_static,0,0.0,synthetic,balanced_static,True,192,1752,0.75,0.8894736766815186,0.7501287701024437,0.0,352074240.0,22532751360.0,3.73544900841998,440.418936371809,117.90254274093208,147.5522974829942,17544.343357994443,118.90254274093209,1024,0.75,76037.7373442102
Mixtral-8x7B,hbm_cxl_local,H100-SXM,1,256,balanced_static,0,0.0,synthetic,balanced_static,True,192,1752,0.75,0.8894736766815186,0.75,0.0,88080384.0,22548578304.0,3.73544900841998,107.69071713303974,28.82939022599341,588.1562856322238,17544.343357994443,29.829390225993407,256,0.75,76076.92307692308
Mixtral-8x7B,hbm_cxl_local,H100-SXM,1,1024,balanced_static,0,0.0,synthetic,balanced_static,True,192,1752,0.75,0.8894736766815186,0.75,0.0,22020096.0,22548578304.0,3.73544900841998,24.430741610578195,6.540242298987214,2326.7612183166784,17544.343357994443,7.540242298987215,64,0.75,76076.92307692308
Mixtral-8x7B,hbm_cxl_local,H100-SXM,1,4096,balanced_static,0,0.0,synthetic,balanced_static,True,192,1752,0.75,0.8894736766815186,0.75,0.0,5505024.0,22548578304.0,3.73544900841998,3.6157477299628096,0.9679553172356644,8915.011029131761,17544.343357994443,1.9679553172356645,16,0.75,76076.92307692308
Mixtral-8x7B,hbm_cxl_local,H100-SXM,1,16384,balanced_static,0,0.0,synthetic,balanced_static,True,192,1752,0.75,0.8894736766815186,0.75,0.0,1376256.0,22548578304.0,3.73544900841998,0.0,0.0,17544.343357994443,17544.343357994443,1.0,4,0.75,76076.92307692308
Mixtral-8x7B,hbm_cxl_local,H100-SXM,1,16,balanced_static,0,0.0,synthetic,balanced_static,True,230,1790,0.8984375,0.9579370021820068,0.9104216540325714,0.0,473539584.0,7576633344.0,3.73544900841998,594.4788049240581,159.14520679684253,109.55272223820533,17544.343357994443,160.14520679684253,4096,0.9,27259.379742088287
Mixtral-8x7B,hbm_cxl_local,H100-SXM,1,64,balanced_static,0,0.0,synthetic,balanced_static,True,230,1790,0.8984375,0.9579370021820068,0.898529159274309,0.0,142974720.0,9150382080.0,3.73544900841998,177.3254956945391,47.470998879876085,361.955473652894,17544.343357994443,48.470998879876085,1024,0.9,30878.357377756434
Mixtral-8x7B,hbm_cxl_local,H100-SXM,1,256,balanced_static,0,0.0,synthetic,balanced_static,True,230,1790,0.8984375,0.9579370021820068,0.8984375,0.0,35782656.0,9160359936.0,3.73544900841998,42.22122527214916,11.302851458279683,1426.0387860073931,17544.343357994443,12.302851458279681,256,0.9,30906.250000000004
Mixtral-8x7B,hbm_cxl_local,H100-SXM,1,1024,balanced_static,0,0.0,synthetic,balanced_static,True,230,1790,0.8984375,0.9579370021820068,0.8984375,0.0,8945664.0,9160359936.0,3.73544900841998,8.396860216149161,2.247885112933415,5401.774615774138,17544.343357994443,3.2478851129334156,64,0.9,30906.250000000004
Mixtral-8x7B,hbm_cxl_local,H100-SXM,1,4096,balanced_static,0,0.0,synthetic,balanced_static,True,230,1790,0.8984375,0.9579370021820068,0.8984375,0.0,2236416.0,9160359936.0,3.73544900841998,0.0,0.0,17544.343357994443,17544.343357994443,1.0,16,0.9,30906.250000000004
Mixtral-8x7B,hbm_cxl_local,H100-SXM,1,16384,balanced_static,0,0.0,synthetic,balanced_static,True,230,1790,0.8984375,0.9579370021820068,0.8984375,0.0,559104.0,9160359936.0,3.73544900841998,0.0,0.0,17544.343357994443,17544.343357994443,1.0,4,0.9,30906.250000000004
Mixtral-8x7B,hbm_cxl_local,H100-SXM,1,16,balanced_static,0,0.0,synthetic,balanced_static,True,243,1803,0.94921875,0.9790029525756836,0.9552820145670068,0.0,236393472.0,3782295552.0,3.73544900841998,296.76696872449213,79.44613031942274,218.08809557814834,17544.343357994443,80.44613031942274,4096,0.95,13608.026951763166
Mixtral-8x7B,hbm_cxl_local,H100-SXM,1,64,balanced_static,0,0.0,synthetic,balanced_static,True,243,1803,0.94921875,0.9790029525756836,0.9492741181632615,0.0,71473920.0,4574330880.0,3.73544900841998,88.645964862263,23.731006543643993,709.4067654316091,17544.343357994443,24.731006543643993,1024,0.95,15436.276042010591
Mixtral-8x7B,hbm_cxl_local,H100-SXM,1,256,balanced_static,0,0.0,synthetic,balanced_static,True,243,1803,0.94921875,0.9790029525756836,0.94921875,0.0,17891328.0,4580179968.0,3.73544900841998,21.110483944310293,5.6513912776551605,2637.695276916473,17544.343357994443,6.6513912776551605,256,0.95,15453.125000000002
Mixtral-8x7B,hbm_cxl_local,H100-SXM,1,1024,balanced_static,0,0.0,synthetic,balanced_static,True,243,1803,0.94921875,0.9790029525756836,0.94921875,0.0,4472832.0,4580179968.0,3.73544900841998,4.198301416310294,1.1239081049820276,8260.40604903803,17544.343357994443,2.1239081049820276,64,0.95,15453.125000000002
Mixtral-8x7B,hbm_cxl_local,H100-SXM,1,4096,balanced_static,0,0.0,synthetic,balanced_static,True,243,1803,0.94921875,0.9790029525756836,0.94921875,0.0,1118208.0,4580179968.0,3.73544900841998,0.0,0.0,17544.343357994443,17544.343357994443,1.0,16,0.95,15453.125000000002
Mixtral-8x7B,hbm_cxl_local,H100-SXM,1,16384,balanced_static,0,0.0,synthetic,balanced_static,True,243,1803,0.94921875,0.9790029525756836,0.94921875,0.0,279552.0,4580179968.0,3.73544900841998,0.0,0.0,17544.343357994443,17544.343357994443,1.0,4,0.95,15453.125000000002
Mixtral-8x7B,hbm_cxl_local,H100-SXM,1,16,balanced_static,0,0.0,synthetic,balanced_static,True,253,1813,0.98828125,0.9951434135437012,0.9896239059998901,0.0,54851328.0,877621248.0,3.73544900841998,68.85997555989874,18.434189679656512,902.756618474279,17544.343357994443,19.434189679656512,4096,0.99,3157.5252203411233
Mixtral-8x7B,hbm_cxl_local,H100-SXM,1,64,balanced_static,0,0.0,synthetic,balanced_static,True,253,1813,0.98828125,0.9951434135437012,0.9882943207615559,0.0,16493568.0,1055588352.0,3.73544900841998,20.4562901979509,5.476260056512858,2709.0239127057525,17544.343357994443,6.476260056512859,1024,0.99,3562.128235944996
Mixtral-8x7B,hbm_cxl_local,H100-SXM,1,256,balanced_static,0,0.0,synthetic,balanced_static,True,253,1813,0.98828125,0.9951434135437012,0.98828125,0.0,4128768.0,1056964608.0,3.73544900841998,4.87169165667696,1.304178331894186,7614.1430179893405,17544.343357994443,2.304178331894186,256,0.99,3566.1057692307695
Mixtral-8x7B,hbm_cxl_local,H100-SXM,1,1024,balanced_static,0,0.0,synthetic,balanced_static,True,253,1813,0.98828125,0.9951434135437012,0.98828125,0.0,1032192.0,1056964608.0,3.73544900841998,0.9688803040615759,0.2593745228157706,13930.997523094202,17544.343357994443,1.2593745228157707,64,0.99,3566.1057692307695
Mixtral-8x7B,hbm_cxl_local,H100-SXM,1,4096,balanced_static,0,0.0,synthetic,balanced_static,True,253,1813,0.98828125,0.9951434135437012,0.98828125,0.0,258048.0,1056964608.0,3.73544900841998,0.0,0.0,17544.343357994443,17544.343357994443,1.0,16,0.99,3566.1057692307695
Mixtral-8x7B,hbm_cxl_local,H100-SXM,1,16384,balanced_static,0,0.0,synthetic,balanced_static,True,253,1813,0.98828125,0.9951434135437012,0.98828125,0.0,64512.0,1056964608.0,3.73544900841998,0.0,0.0,17544.343357994443,17544.343357994443,1.0,4,0.99,3566.1057692307695
Mixtral-8x7B,hbm_cxl_local,H100-SXM,1,16,balanced_static,0,0.0,synthetic,balanced_static,True,256,1816,1.0,1.0,1.0,0.0,0.0,0.0,3.73544900841998,0.0,0.0,17544.343357994443,17544.343357994443,1.0,4096,1.0,0.0
Mixtral-8x7B,hbm_cxl_local,H100-SXM,1,64,balanced_static,0,0.0,synthetic,balanced_static,True,256,1816,1.0,1.0,1.0,0.0,0.0,0.0,3.73544900841998,0.0,0.0,17544.343357994443,17544.343357994443,1.0,1024,1.0,0.0
Mixtral-8x7B,hbm_cxl_local,H100-SXM,1,256,balanced_static,0,0.0,synthetic,balanced_static,True,256,1816,1.0,1.0,1.0,0.0,0.0,0.0,3.73544900841998,0.0,0.0,17544.343357994443,17544.343357994443,1.0,256,1.0,0.0
Mixtral-8x7B,hbm_cxl_local,H100-SXM,1,1024,balanced_static,0,0.0,synthetic,balanced_static,True,256,1816,1.0,1.0,1.0,0.0,0.0,0.0,3.73544900841998,0.0,0.0,17544.343357994443,17544.343357994443,1.0,64,1.0,0.0
Mixtral-8x7B,hbm_cxl_local,H100-SXM,1,4096,balanced_static,0,0.0,synthetic,balanced_static,True,256,1816,1.0,1.0,1.0,0.0,0.0,0.0,3.73544900841998,0.0,0.0,17544.343357994443,17544.343357994443,1.0,16,1.0,0.0
Mixtral-8x7B,hbm_cxl_local,H100-SXM,1,16384,balanced_static,0,0.0,synthetic,balanced_static,True,256,1816,1.0,1.0,1.0,0.0,0.0,0.0,3.73544900841998,0.0,0.0,17544.343357994443,17544.343357994443,1.0,4,1.0,0.0
Qwen3-235B-A22B,hbm_cxl_local,H100-SXM,1,16,balanced_static,0,0.0,synthetic,balanced_static,True,6016,20579,0.5,0.7569022077195188,0.6010369250758767,0.0,5121270144.0,81940322304.0,2.3513317419072193,3226.742014347931,1372.3040253480551,10.147740089235668,13935.932312733175,1373.3040253480551,2048,0.5,485630.1305845636
Qwen3-235B-A22B,hbm_cxl_local,H100-SXM,1,64,balanced_static,0,0.0,synthetic,balanced_static,True,6016,20579,0.5,0.7569022077195188,0.5251570806488198,0.0,2782967040.0,178109890560.0,2.3513317419072193,1752.6423867888543,745.3828634862241,18.671291899228322,13935.932312733175,746.3828634862241,512,0.5,577993.4119856211
Qwen3-235B-A22B,hbm_cxl_local,H100-SXM,1,256,balanced_static,0,0.0,synthetic,balanced_static,True,6016,20579,0.5,0.7569022077195188,0.5007157436847778,0.0,881153280.0,225575239680.0,2.3513317419072193,553.7118672565464,235.48862008191918,58.928553551142535,13935.932312733175,236.48862008191915,128,0.5,607744.1593793905
Qwen3-235B-A22B,hbm_cxl_local,H100-SXM,1,1024,balanced_static,0,0.0,synthetic,balanced_static,True,6016,20579,0.5,0.7569022077195188,0.5,0.0,221773824.0,227096395776.0,2.3513317419072193,138.02965358331556,58.702756026827814,233.42192622516413,13935.932312733175,59.702756026827814,32,0.5,608615.3846153846
Qwen3-235B-A22B,hbm_cxl_local,H100-SXM,1,4096,balanced_static,0,0.0,synthetic,balanced_static,True,6016,20579,0.5,0.7569022077195188,0.5,0.0,55443456.0,227096395776.0,2.3513317419072193,33.17261725593098,14.108012350917317,922.4199708763823,13935.932312733175,15.108012350917317,8,0.5,608615.3846153846
Qwen3-235B-A22B,hbm_cxl_local,H100-SXM,1,16384,balanced_static,0,0.0,synthetic,balanced_static,True,6016,20579,0.5,0.7569022077195188,0.5,0.0,13860864.0,227096395776.0,2.3513317419072193,6.958358174084827,2.9593264319396897,3519.7735150890067,13935.932312733175,3.9593264319396893,2,0.5,608615.3846153846
Qwen3-235B-A22B,hbm_cxl_local,H100-SXM,1,16,balanced_static,0,0.0,synthetic,balanced_static,True,9024,23587,0.75,0.902243269250748,0.8258486031234831,0.0,2235485952.0,35767775232.0,2.3513317419072193,1407.160755237781,598.4526683999087,23.247760911519027,13935.932312733175,599.4526683999087,2048,0.75,211982.43878261567
Qwen3-235B-A22B,hbm_cxl_local,H100-SXM,1,64,balanced_static,0,0.0,synthetic,balanced_static,True,9024,23587,0.75,0.902243269250748,0.7731868649403225,0.0,1329310080.0,85075845120.0,2.3513317419072193,835.8945609051655,355.4983527025209,39.09115485973081,13935.932312733175,356.49835270252083,512,0.75,276083.9268603336
Qwen3-235B-A22B,hbm_cxl_local,H100-SXM,1,256,balanced_static,0,0.0,synthetic,balanced_static,True,9024,23587,0.75,0.902243269250748,0.7507469126414108,0.0,439890048.0,112611852288.0,2.3513317419072193,275.19148709408853,117.03643607127694,118.06466525571719,13935.932312733175,118.03643607127695,128,0.75,303398.52725863963
Qwen3-235B-A22B,hbm_cxl_local,H100-SXM,1,1024,balanced_static,0,0.0,synthetic,balanced_static,True,9024,23587,0.75,0.902243269250748,0.75,0.0,110886912.0,113548197888.0,2.3513317419072193,67.78321764701164,28.82758584802292,467.21623344709604,13935.932312733175,29.82758584802292,32,0.75,304307.6923076923
Qwen3-235B-A22B,hbm_cxl_local,H100-SXM,1,4096,balanced_static,0,0.0,synthetic,balanced_static,True,9024,23587,0.75,0.902243269250748,0.75,0.0,27721728.0,113548197888.0,2.3513317419072193,15.354699483319342,6.53021401006767,1850.6688248303772,13935.932312733175,7.530214010067669,8,0.75,304307.6923076923
Qwen3-235B-A22B,hbm_cxl_local,H100-SXM,1,16384,balanced_static,0,0.0,synthetic,balanced_static,True,9024,23587,0.75,0.902243269250748,0.75,0.0,6930432.0,113548197888.0,2.3513317419072193,2.2475699423962663,0.9558710505788565,7125.179499235759,13935.932312733175,1.9558710505788566,2,0.75,304307.6923076923
Qwen3-235B-A22B,hbm_cxl_local,H100-SXM,1,16,balanced_static,0,0.0,synthetic,balanced_static,True,10829,25392,0.9000166223404256,0.966631625561004,0.9378808809636182,0.0,797389056.0,12758224896.0,2.3513317419072193,500.4490697889087,212.83643684535255,65.17099011901186,13935.932312733175,213.83643684535255,2048,0.9,75613.30304859273
Qwen3-235B-A22B,hbm_cxl_local,H100-SXM,1,64,balanced_static,0,0.0,synthetic,balanced_static,True,10829,25392,0.9000166223404256,0.966631625561004,0.913495668021749,0.0,506985984.0,32447102976.0,2.3513317419072193,317.33832373977936,134.96110229106972,102.49940665307862,13935.932312733175,135.96110229106972,512,0.9,105295.73455568033
Qwen3-235B-A22B,hbm_cxl_local,H100-SXM,1,256,balanced_static,0,0.0,synthetic,balanced_static,True,10829,25392,0.9000166223404256,0.966631625561004,0.9005400225721993,0.0,175530240.0,44935741440.0,2.3513317419072193,108.38389522839472,46.094684683022244,295.9130612410091,13935.932312733175,47.09468468302225,128,0.9,121065.74483211675
Qwen3-235B-A22B,hbm_cxl_local,H100-SXM,1,1024,balanced_static,0,0.0,synthetic,balanced_static,True,10829,25392,0.9000166223404256,0.966631625561004,0.9000166223404256,0.0,44347392.0,45411729408.0,2.3513317419072193,25.684356811779345,10.923323303986946,1168.7959772149472,13935.932312733175,11.923323303986946,32,0.9,121702.8436988543
Qwen3-235B-A22B,hbm_cxl_local,H100-SXM,1,4096,balanced_static,0,0.0,synthetic,balanced_static,True,10829,25392,0.9000166223404256,0.966631625561004,0.9000166223404256,0.0,11086848.0,45411729408.0,2.3513317419072193,4.716435485010114,2.005857106825983,4636.259082671013,13935.932312733175,3.0058571068259825,8,0.9,121702.8436988543
Qwen3-235B-A22B,hbm_cxl_local,H100-SXM,1,16384,balanced_static,0,0.0,synthetic,balanced_static,True,10829,25392,0.9000166223404256,0.966631625561004,0.9000166223404256,0.0,2771712.0,45411729408.0,2.3513317419072193,0.0,0.0,13935.932312733175,13935.932312733175,1.0,2,0.9,121702.8436988543
Qwen3-235B-A22B,hbm_cxl_local,H100-SXM,1,16,balanced_static,0,0.0,synthetic,balanced_static,True,11430,25993,0.949966755319149,0.9845673175568276,0.970769252445962,0.0,375219072.0,6003505152.0,2.3513317419072193,234.56199765921681,99.75708381708749,138.3121839654689,13935.932312733175,100.75708381708749,2048,0.95,35580.565330392084
Qwen3-235B-A22B,hbm_cxl_local,H100-SXM,1,64,balanced_static,0,0.0,synthetic,balanced_static,True,11430,25993,0.949966755319149,0.9845673175568276,0.9579959878243087,0.0,246177792.0,15755378688.0,2.3513317419072193,152.88075454509158,65.01879416686923,211.09037946843873,13935.932312733175,66.01879416686923,512,0.95,51128.576051395285
Qwen3-235B-A22B,hbm_cxl_local,H100-SXM,1,256,balanced_static,0,0.0,synthetic,balanced_static,True,11430,25993,0.949966755319149,0.9845673175568276,0.9503085237141908,0.0,87697152.0,22450470912.0,2.3513317419072193,52.970491043722646,22.52786797355828,592.3159858086177,13935.932312733175,23.527867973558276,128,0.95,60485.99390358802
Qwen3-235B-A22B,hbm_cxl_local,H100-SXM,1,1024,balanced_static,0,0.0,synthetic,balanced_static,True,11430,25993,0.949966755319149,0.9845673175568276,0.949966755319149,0.0,22192128.0,22724739072.0,2.3513317419072193,11.675189627722649,4.965351940620949,2336.145872272298,13935.932312733175,5.96535194062095,32,0.95,60902.00490998358
Qwen3-235B-A22B,hbm_cxl_local,H100-SXM,1,4096,balanced_static,0,0.0,synthetic,balanced_static,True,11430,25993,0.949966755319149,0.9845673175568276,0.949966755319149,0.0,5548032.0,22724739072.0,2.3513317419072193,1.1825141175688012,0.5029124969876164,9272.617228658259,13935.932312733175,1.5029124969876164,8,0.95,60902.00490998358
Qwen3-235B-A22B,hbm_cxl_local,H100-SXM,1,16384,balanced_static,0,0.0,synthetic,balanced_static,True,11430,25993,0.949966755319149,0.9845673175568276,0.949966755319149,0.0,1387008.0,22724739072.0,2.3513317419072193,0.0,0.0,13935.932312733175,13935.932312733175,1.0,2,0.95,60902.00490998358
Qwen3-235B-A22B,hbm_cxl_local,H100-SXM,1,16,balanced_static,0,0.0,synthetic,balanced_static,True,11912,26475,0.9900265957446809,0.9972403506015209,0.9946622706255805,0.0,68517504.0,1096280064.0,2.3513317419072193,42.513548434097686,18.080625407461206,730.3708350819428,13935.932312733175,19.080625407461206,2048,0.99,6497.248432370264
Qwen3-235B-A22B,hbm_cxl_local,H100-SXM,1,64,balanced_static,0,0.0,synthetic,balanced_static,True,11912,26475,0.9900265957446809,0.9972403506015209,0.9919803660491155,0.0,47001600.0,3008102400.0,2.3513317419072193,27.934001391219915,11.880076678827976,1081.975881062944,13935.932312733175,12.880076678827976,512,0.99,9761.745202984275
Qwen3-235B-A22B,hbm_cxl_local,H100-SXM,1,256,balanced_static,0,0.0,synthetic,balanced_static,True,11912,26475,0.9900265957446809,0.9972403506015209,0.9901094862637918,0.0,17455104.0,4468506624.0,2.3513317419072193,8.683140681485757,3.692860742160807,2969.6027814190875,13935.932312733175,4.692860742160807,128,0.99,12039.03764321219
Qwen3-235B-A22B,hbm_cxl_local,H100-SXM,1,1024,balanced_static,0,0.0,synthetic,balanced_static,True,11912,26475,0.9900265957446809,0.9972403506015209,0.9900265957446809,0.0,4423680.0,4529848320.0,2.3513317419072193,0.5609039000823457,0.23854732621751776,11251.836742721045,13935.932312733175,1.2385473262175177,32,0.99,12139.934533551517
Qwen3-235B-A22B,hbm_cxl_local,H100-SXM,1,4096,balanced_static,0,0.0,synthetic,balanced_static,True,11912,26475,0.9900265957446809,0.9972403506015209,0.9900265957446809,0.0,1105920.0,4529848320.0,2.3513317419072193,0.0,0.0,13935.932312733175,13935.932312733175,1.0,8,0.99,12139.934533551517
Qwen3-235B-A22B,hbm_cxl_local,H100-SXM,1,16384,balanced_static,0,0.0,synthetic,balanced_static,True,11912,26475,0.9900265957446809,0.9972403506015209,0.9900265957446809,0.0,276480.0,4529848320.0,2.3513317419072193,0.0,0.0,13935.932312733175,13935.932312733175,1.0,2,0.99,12139.934533551517
Qwen3-235B-A22B,hbm_cxl_local,H100-SXM,1,16,balanced_static,0,0.0,synthetic,balanced_static,True,12032,26595,1.0,1.0,1.0,0.0,0.0,0.0,2.3513317419072193,0.0,0.0,13935.932312733175,13935.932312733175,1.0,2048,1.0,0.0
Qwen3-235B-A22B,hbm_cxl_local,H100-SXM,1,64,balanced_static,0,0.0,synthetic,balanced_static,True,12032,26595,1.0,1.0,1.0,0.0,0.0,0.0,2.3513317419072193,0.0,0.0,13935.932312733175,13935.932312733175,1.0,512,1.0,0.0
Qwen3-235B-A22B,hbm_cxl_local,H100-SXM,1,256,balanced_static,0,0.0,synthetic,balanced_static,True,12032,26595,1.0,1.0,1.0,0.0,0.0,0.0,2.3513317419072193,0.0,0.0,13935.932312733175,13935.932312733175,1.0,128,1.0,0.0
Qwen3-235B-A22B,hbm_cxl_local,H100-SXM,1,1024,balanced_static,0,0.0,synthetic,balanced_static,True,12032,26595,1.0,1.0,1.0,0.0,0.0,0.0,2.3513317419072193,0.0,0.0,13935.932312733175,13935.932312733175,1.0,32,1.0,0.0
Qwen3-235B-A22B,hbm_cxl_local,H100-SXM,1,4096,balanced_static,0,0.0,synthetic,balanced_static,True,12032,26595,1.0,1.0,1.0,0.0,0.0,0.0,2.3513317419072193,0.0,0.0,13935.932312733175,13935.932312733175,1.0,8,1.0,0.0
Qwen3-235B-A22B,hbm_cxl_local,H100-SXM,1,16384,balanced_static,0,0.0,synthetic,balanced_static,True,12032,26595,1.0,1.0,1.0,0.0,0.0,0.0,2.3513317419072193,0.0,0.0,13935.932312733175,13935.932312733175,1.0,2,1.0,0.0
DeepSeek-V3,hbm_cxl_local,H100-SXM,1,16,balanced_static,0,0.0,synthetic,balanced_static,False,7424,13665,0.5,0.7708863225476495,0.634767952766548,0.0,7975425024.0,127606800384.0,3.8084069968656826,5023.699019120652,1319.10770651749,6.5177427346547,8604.122413116049,1320.10770651749,2048,0.5,790349.6636474727
DeepSeek-V3,hbm_cxl_local,H100-SXM,1,64,balanced_static,0,0.0,synthetic,balanced_static,False,7424,13665,0.5,0.7708863225476495,0.5515685265368817,0.0,5459408640.0,349402152960.0,3.8084069968656826,3437.94081235696,902.7241088429845,9.520740156120977,8604.122413116049,903.7241088429846,512,0.5,970390.3775836423
DeepSeek-V3,hbm_cxl_local,H100-SXM,1,256,balanced_static,0,0.0,synthetic,balanced_static,False,7424,13665,0.5,0.7708863225476495,0.5070850127888828,0.0,2338818048.0,598737420288.0,3.8084069968656826,1471.1403683366523,386.2875920423947,22.216364763305386,8604.122413116049,387.2875920423947,128,0.5,1066651.1805304228
DeepSeek-V3,hbm_cxl_local,H100-SXM,1,1024,balanced_static,0,0.0,synthetic,balanced_static,False,7424,13665,0.5,0.7708863225476495,0.5000357896243774,0.0,638351616.0,653672054784.0,3.8084069968656826,399.39512175634457,104.87196407449272,81.26913001313633,8604.122413116049,105.87196407449274,32,0.5,1081905.45845933
DeepSeek-V3,hbm_cxl_local,H100-SXM,1,4096,balanced_static,0,0.0,synthetic,balanced_static,False,7424,13665,0.5,0.7708863225476495,0.5,0.0,159645696.0,653908770816.0,3.8084069968656826,97.68331809172918,25.649390459612775,322.86376028583544,8604.122413116049,26.649390459612775,8,0.5,1081982.905982906
DeepSeek-V3,hbm_cxl_local,H100-SXM,1,16384,balanced_static,0,0.0,synthetic,balanced_static,False,7424,13665,0.5,0.7708863225476495,0.5,0.0,39911424.0,653908770816.0,3.8084069968656826,22.218942874498403,5.834182872992457,1258.9833449025919,8604.122413116049,6.834182872992457,2,0.5,1081982.905982906
DeepSeek-V3,hbm_cxl_local,H100-SXM,1,16,balanced_static,0,0.0,synthetic,balanced_static,True,11136,17377,0.75,0.9082294332570043,0.8460482581039704,0.0,3361782144.0,53788514304.0,3.8084069968656826,2115.356271606164,555.4438570633604,15.462696377895902,8604.122413116049,556.4438570633605,2048,0.75,333146.3061555927
DeepSeek-V3,hbm_cxl_local,H100-SXM,1,64,balanced_static,0,0.0,synthetic,balanced_static,True,11136,17377,0.75,0.9082294332570043,0.7947602958323425,0.0,2498681472.0,159915614208.0,3.8084069968656826,1571.3737032657787,412.6065582168656,20.80267404416896,8604.122413116049,413.60655821686566,512,0.75,444131.70307678793
DeepSeek-V3,hbm_cxl_local,H100-SXM,1,256,balanced_static,0,0.0,synthetic,balanced_static,True,11136,17377,0.75,0.9082294332570043,0.7573143062703765,0.0,1151512320.0,294787153920.0,3.8084069968656826,722.2995270131631,189.65922697012564,45.12827703043308,8604.122413116049,190.65922697012564,128,0.75,525163.544284111
DeepSeek-V3,hbm_cxl_local,H100-SXM,1,1024,balanced_static,0,0.0,synthetic,balanced_static,True,11136,17377,0.75,0.9082294332570043,0.7500557897085882,0.0,319127424.0,326786482176.0,3.8084069968656826,197.6760832183939,51.90518854236988,162.63286551233656,8604.122413116049,52.90518854236987,32,0.75,540870.7259694085
DeepSeek-V3,hbm_cxl_local,H100-SXM,1,4096,balanced_static,0,0.0,synthetic,balanced_static,True,11136,17377,0.75,0.9082294332570043,0.75,0.0,79822848.0,326954385408.0,3.8084069968656826,46.850676149778515,12.301908957823207,646.8336567629066,8604.122413116049,13.301908957823207,8,0.75,540991.452991453
DeepSeek-V3,hbm_cxl_local,H100-SXM,1,16384,balanced_static,0,0.0,synthetic,balanced_static,True,11136,17377,0.75,0.9082294332570043,0.75,0.0,19955712.0,326954385408.0,3.8084069968656826,9.118488541163133,2.3943051645130486,2534.8700237889207,8604.122413116049,3.394305164513049,2,0.75,540991.452991453
DeepSeek-V3,hbm_cxl_local,H100-SXM,1,16,balanced_static,0,0.0,synthetic,balanced_static,True,13363,19604,0.8999865301724138,0.9689964425974879,0.946653964790083,0.0,1164895872.0,18638333952.0,3.8084069968656826,730.5775146186896,191.83283593900407,44.61959173715447,8604.122413116049,192.83283593900404,2048,0.9,115438.99639818481
DeepSeek-V3,hbm_cxl_local,H100-SXM,1,64,balanced_static,0,0.0,synthetic,balanced_static,True,13363,19604,0.8999865301724138,0.9689964425974879,0.9250797107736995,0.0,912113664.0,58375274496.0,3.8084069968656826,571.1833990671507,149.97961077616822,56.988638193483744,8604.122413116049,150.9796107761682,512,0.9,162124.94450830473
DeepSeek-V3,hbm_cxl_local,H100-SXM,1,256,balanced_static,0,0.0,synthetic,balanced_static,True,13363,19604,0.8999865301724138,0.9689964425974879,0.9049849734166853,0.0,450834048.0,115413516288.0,3.8084069968656826,280.45479279238145,73.64097194002522,115.27345088739663,8604.122413116049,74.64097194002524,128,0.9,205609.26914931586
DeepSeek-V3,hbm_cxl_local,H100-SXM,1,1024,balanced_static,0,0.0,synthetic,balanced_static,True,13363,19604,0.8999865301724138,0.9689964425974879,0.9000269474818842,0.0,127645056.0,130708537344.0,3.8084069968656826,76.75993624899684,20.155392087077413,406.71060964981126,8604.122413116049,21.155392087077416,32,0.9,216338.2677670653
DeepSeek-V3,hbm_cxl_local,H100-SXM,1,4096,balanced_static,0,0.0,synthetic,balanced_static,True,13363,19604,0.8999865301724138,0.9689964425974879,0.8999865301724138,0.0,31933440.0,130799370240.0,3.8084069968656826,16.43621120499685,4.315770666980669,1618.6030120827518,8604.122413116049,5.315770666980669,8,0.9,216425.7294429708
DeepSeek-V3,hbm_cxl_local,H100-SXM,1,16384,balanced_static,0,0.0,synthetic,balanced_static,True,13363,19604,0.8999865301724138,0.9689964425974879,0.8999865301724138,0.0,7983360.0,130799370240.0,3.8084069968656826,1.3413031773045407,0.352195334797051,6363.076540570543,8604.122413116049,1.3521953347970512,2,0.9,216425.7294429708
DeepSeek-V3,hbm_cxl_local,H100-SXM,1,16,balanced_static,0,0.0,synthetic,balanced_static,True,14106,20347,0.9500269396551724,0.9858207044930294,0.9753493898249254,0.0,538285440.0,8612567040.0,3.8084069968656826,336.1337683812127,88.2609890848984,96.39286435569797,8604.122413116049,89.26098908489841,2048,0.95,53343.077662958094
DeepSeek-V3,hbm_cxl_local,H100-SXM,1,64,balanced_static,0,0.0,synthetic,balanced_static,True,14106,20347,0.9500269396551724,0.9858207044930294,0.964500692949971,0.0,432184704.0,27659821056.0,3.8084069968656826,268.6400163138809,70.53868363727183,120.2723054947754,8604.122413116049,71.53868363727184,512,0.95,76819.28680473972
DeepSeek-V3,hbm_cxl_local,H100-SXM,1,256,balanced_static,0,0.0,synthetic,balanced_static,True,14106,20347,0.9500269396551724,0.9858207044930294,0.9531844743245119,0.0,222133632.0,56866209792.0,3.8084069968656826,136.24874779627675,35.77578444436464,233.96162836805257,8604.122413116049,36.77578444436464,128,0.95,101307.19703096387
DeepSeek-V3,hbm_cxl_local,H100-SXM,1,1024,balanced_static,0,0.0,synthetic,balanced_static,True,14106,20347,0.9500269396551724,0.9858207044930294,0.9500524212733528,0.0,63772800.0,65303347200.0,3.8084069968656826,36.439386231353694,9.568143914592977,814.1564386945074,8604.122413116049,10.568143914592977,32,0.95,108084.8527549355
DeepSeek-V3,hbm_cxl_local,H100-SXM,1,4096,balanced_static,0,0.0,synthetic,balanced_static,True,14106,20347,0.9500269396551724,0.9858207044930294,0.9500269396551724,0.0,15955968.0,65355644928.0,3.8084069968656826,6.3020889356613825,1.6547834674308706,3240.9883964821306,8604.122413116049,2.654783467430871,8,0.95,108139.99410551143
DeepSeek-V3,hbm_cxl_local,H100-SXM,1,16384,balanced_static,0,0.0,synthetic,balanced_static,True,14106,20347,0.9500269396551724,0.9858207044930294,0.9500269396551724,0.0,3988992.0,65355644928.0,3.8084069968656826,0.0,0.0,8604.122413116049,8604.122413116049,1.0,2,0.95,108139.99410551143
DeepSeek-V3,hbm_cxl_local,H100-SXM,1,16,balanced_static,0,0.0,synthetic,balanced_static,True,14700,20941,0.9900323275862069,0.9975334693645609,0.9956628318947912,0.0,94708992.0,1515343872.0,3.8084069968656826,58.67849789899979,15.407622648338837,524.3978727160182,8604.122413116049,16.40762264833884,2048,0.99,9385.483500420358
DeepSeek-V3,hbm_cxl_local,H100-SXM,1,64,balanced_static,0,0.0,synthetic,balanced_static,True,14700,20941,0.9900323275862069,0.9975334693645609,0.993538575466193,0.0,78664320.0,5034516480.0,3.8084069968656826,46.917935994995226,12.319569844716877,645.975997230032,8604.122413116049,13.319569844716879,512,0.99,13982.301787755585
DeepSeek-V3,hbm_cxl_local,H100-SXM,1,256,balanced_static,0,0.0,synthetic,balanced_static,True,14700,20941,0.9900323275862069,0.9975334693645609,0.9909364634702486,0.0,43005312.0,11009359872.0,3.8084069968656826,23.361151489986415,6.134100559423568,1206.055667627323,8604.122413116049,7.134100559423568,128,0.99,19613.18318588539
DeepSeek-V3,hbm_cxl_local,H100-SXM,1,1024,balanced_static,0,0.0,synthetic,balanced_static,True,14700,20941,0.9900323275862069,0.9975334693645609,0.9900378527909591,0.0,12719616.0,13024886784.0,3.8084069968656826,4.218432922216828,1.1076633683554822,4082.303911667578,8604.122413116049,2.107663368355482,32,0.99,21557.74597413508
DeepSeek-V3,hbm_cxl_local,H100-SXM,1,4096,balanced_static,0,0.0,synthetic,balanced_static,True,14700,20941,0.9900323275862069,0.9975334693645609,0.9900323275862069,0.0,3182592.0,13035896832.0,3.8084069968656826,0.0,0.0,8604.122413116049,8604.122413116049,1.0,8,0.99,21569.702328323117
DeepSeek-V3,hbm_cxl_local,H100-SXM,1,16384,balanced_static,0,0.0,synthetic,balanced_static,True,14700,20941,0.9900323275862069,0.9975334693645609,0.9900323275862069,0.0,795648.0,13035896832.0,3.8084069968656826,0.0,0.0,8604.122413116049,8604.122413116049,1.0,2,0.99,21569.702328323117
DeepSeek-V3,hbm_cxl_local,H100-SXM,1,16,balanced_static,0,0.0,synthetic,balanced_static,True,14848,21089,1.0,1.0,1.0,0.0,0.0,0.0,3.8084069968656826,0.0,0.0,8604.122413116049,8604.122413116049,1.0,2048,1.0,0.0
DeepSeek-V3,hbm_cxl_local,H100-SXM,1,64,balanced_static,0,0.0,synthetic,balanced_static,True,14848,21089,1.0,1.0,1.0,0.0,0.0,0.0,3.8084069968656826,0.0,0.0,8604.122413116049,8604.122413116049,1.0,512,1.0,0.0
DeepSeek-V3,hbm_cxl_local,H100-SXM,1,256,balanced_static,0,0.0,synthetic,balanced_static,True,14848,21089,1.0,1.0,1.0,0.0,0.0,0.0,3.8084069968656826,0.0,0.0,8604.122413116049,8604.122413116049,1.0,128,1.0,0.0
DeepSeek-V3,hbm_cxl_local,H100-SXM,1,1024,balanced_static,0,0.0,synthetic,balanced_static,True,14848,21089,1.0,1.0,1.0,0.0,0.0,0.0,3.8084069968656826,0.0,0.0,8604.122413116049,8604.122413116049,1.0,32,1.0,0.0
DeepSeek-V3,hbm_cxl_local,H100-SXM,1,4096,balanced_static,0,0.0,synthetic,balanced_static,True,14848,21089,1.0,1.0,1.0,0.0,0.0,0.0,3.8084069968656826,0.0,0.0,8604.122413116049,8604.122413116049,1.0,8,1.0,0.0
DeepSeek-V3,hbm_cxl_local,H100-SXM,1,16384,balanced_static,0,0.0,synthetic,balanced_static,True,14848,21089,1.0,1.0,1.0,0.0,0.0,0.0,3.8084069968656826,0.0,0.0,8604.122413116049,8604.122413116049,1.0,2,1.0,0.0
