model,latency_ns,bw_gbs,granularity,transfers,transfer_ms,latency_ms,latency_share
OLMoE-1B-7B,200,16.88,4 KB,3072,0.7454,0.6144,0.4518
OLMoE-1B-7B,200,16.88,64 KB,192,0.7454,0.0384,0.049
OLMoE-1B-7B,200,16.88,512 KB,24,0.7454,0.0048,0.0064
OLMoE-1B-7B,200,16.88,4096 KB,3,0.7454,0.0006,0.0008
OLMoE-1B-7B,200,16.88,whole expert,1,0.7454,0.0002,0.0003
OLMoE-1B-7B,200,67.5,4 KB,3072,0.1864,0.6144,0.7672
OLMoE-1B-7B,200,67.5,64 KB,192,0.1864,0.0384,0.1708
OLMoE-1B-7B,200,67.5,512 KB,24,0.1864,0.0048,0.0251
OLMoE-1B-7B,200,67.5,4096 KB,3,0.1864,0.0006,0.0032
OLMoE-1B-7B,200,67.5,whole expert,1,0.1864,0.0002,0.0011
OLMoE-1B-7B,300,16.88,4 KB,3072,0.7454,0.9216,0.5528
OLMoE-1B-7B,300,16.88,64 KB,192,0.7454,0.0576,0.0717
OLMoE-1B-7B,300,16.88,512 KB,24,0.7454,0.0072,0.0096
OLMoE-1B-7B,300,16.88,4096 KB,3,0.7454,0.0009,0.0012
OLMoE-1B-7B,300,16.88,whole expert,1,0.7454,0.0003,0.0004
OLMoE-1B-7B,300,67.5,4 KB,3072,0.1864,0.9216,0.8318
OLMoE-1B-7B,300,67.5,64 KB,192,0.1864,0.0576,0.2361
OLMoE-1B-7B,300,67.5,512 KB,24,0.1864,0.0072,0.0372
OLMoE-1B-7B,300,67.5,4096 KB,3,0.1864,0.0009,0.0048
OLMoE-1B-7B,300,67.5,whole expert,1,0.1864,0.0003,0.0016
OLMoE-1B-7B,400,16.88,4 KB,3072,0.7454,1.2288,0.6224
OLMoE-1B-7B,400,16.88,64 KB,192,0.7454,0.0768,0.0934
OLMoE-1B-7B,400,16.88,512 KB,24,0.7454,0.0096,0.0127
OLMoE-1B-7B,400,16.88,4096 KB,3,0.7454,0.0012,0.0016
OLMoE-1B-7B,400,16.88,whole expert,1,0.7454,0.0004,0.0005
OLMoE-1B-7B,400,67.5,4 KB,3072,0.1864,1.2288,0.8683
OLMoE-1B-7B,400,67.5,64 KB,192,0.1864,0.0768,0.2918
OLMoE-1B-7B,400,67.5,512 KB,24,0.1864,0.0096,0.049
OLMoE-1B-7B,400,67.5,4096 KB,3,0.1864,0.0012,0.0064
OLMoE-1B-7B,400,67.5,whole expert,1,0.1864,0.0004,0.0021
OLMoE-1B-7B,600,16.88,4 KB,3072,0.7454,1.8432,0.712
OLMoE-1B-7B,600,16.88,64 KB,192,0.7454,0.1152,0.1339
OLMoE-1B-7B,600,16.88,512 KB,24,0.7454,0.0144,0.019
OLMoE-1B-7B,600,16.88,4096 KB,3,0.7454,0.0018,0.0024
OLMoE-1B-7B,600,16.88,whole expert,1,0.7454,0.0006,0.0008
OLMoE-1B-7B,600,67.5,4 KB,3072,0.1864,1.8432,0.9082
OLMoE-1B-7B,600,67.5,64 KB,192,0.1864,0.1152,0.3819
OLMoE-1B-7B,600,67.5,512 KB,24,0.1864,0.0144,0.0717
OLMoE-1B-7B,600,67.5,4096 KB,3,0.1864,0.0018,0.0096
OLMoE-1B-7B,600,67.5,whole expert,1,0.1864,0.0006,0.0032
OLMoE-1B-7B,800,16.88,4 KB,3072,0.7454,2.4576,0.7673
OLMoE-1B-7B,800,16.88,64 KB,192,0.7454,0.1536,0.1709
OLMoE-1B-7B,800,16.88,512 KB,24,0.7454,0.0192,0.0251
OLMoE-1B-7B,800,16.88,4096 KB,3,0.7454,0.0024,0.0032
OLMoE-1B-7B,800,16.88,whole expert,1,0.7454,0.0008,0.0011
OLMoE-1B-7B,800,67.5,4 KB,3072,0.1864,2.4576,0.9295
OLMoE-1B-7B,800,67.5,64 KB,192,0.1864,0.1536,0.4517
OLMoE-1B-7B,800,67.5,512 KB,24,0.1864,0.0192,0.0934
OLMoE-1B-7B,800,67.5,4096 KB,3,0.1864,0.0024,0.0127
OLMoE-1B-7B,800,67.5,whole expert,1,0.1864,0.0008,0.0043
Mixtral-8x7B,200,16.88,4 KB,86016,20.8721,17.2032,0.4518
Mixtral-8x7B,200,16.88,64 KB,5376,20.8721,1.0752,0.049
Mixtral-8x7B,200,16.88,512 KB,672,20.8721,0.1344,0.0064
Mixtral-8x7B,200,16.88,4096 KB,84,20.8721,0.0168,0.0008
Mixtral-8x7B,200,16.88,whole expert,1,20.8721,0.0002,0.0
Mixtral-8x7B,200,67.5,4 KB,86016,5.2196,17.2032,0.7672
Mixtral-8x7B,200,67.5,64 KB,5376,5.2196,1.0752,0.1708
Mixtral-8x7B,200,67.5,512 KB,672,5.2196,0.1344,0.0251
Mixtral-8x7B,200,67.5,4096 KB,84,5.2196,0.0168,0.0032
Mixtral-8x7B,200,67.5,whole expert,1,5.2196,0.0002,0.0
Mixtral-8x7B,300,16.88,4 KB,86016,20.8721,25.8048,0.5528
Mixtral-8x7B,300,16.88,64 KB,5376,20.8721,1.6128,0.0717
Mixtral-8x7B,300,16.88,512 KB,672,20.8721,0.2016,0.0096
Mixtral-8x7B,300,16.88,4096 KB,84,20.8721,0.0252,0.0012
Mixtral-8x7B,300,16.88,whole expert,1,20.8721,0.0003,0.0
Mixtral-8x7B,300,67.5,4 KB,86016,5.2196,25.8048,0.8318
Mixtral-8x7B,300,67.5,64 KB,5376,5.2196,1.6128,0.2361
Mixtral-8x7B,300,67.5,512 KB,672,5.2196,0.2016,0.0372
Mixtral-8x7B,300,67.5,4096 KB,84,5.2196,0.0252,0.0048
Mixtral-8x7B,300,67.5,whole expert,1,5.2196,0.0003,0.0001
Mixtral-8x7B,400,16.88,4 KB,86016,20.8721,34.4064,0.6224
Mixtral-8x7B,400,16.88,64 KB,5376,20.8721,2.1504,0.0934
Mixtral-8x7B,400,16.88,512 KB,672,20.8721,0.2688,0.0127
Mixtral-8x7B,400,16.88,4096 KB,84,20.8721,0.0336,0.0016
Mixtral-8x7B,400,16.88,whole expert,1,20.8721,0.0004,0.0
Mixtral-8x7B,400,67.5,4 KB,86016,5.2196,34.4064,0.8683
Mixtral-8x7B,400,67.5,64 KB,5376,5.2196,2.1504,0.2918
Mixtral-8x7B,400,67.5,512 KB,672,5.2196,0.2688,0.049
Mixtral-8x7B,400,67.5,4096 KB,84,5.2196,0.0336,0.0064
Mixtral-8x7B,400,67.5,whole expert,1,5.2196,0.0004,0.0001
Mixtral-8x7B,600,16.88,4 KB,86016,20.8721,51.6096,0.712
Mixtral-8x7B,600,16.88,64 KB,5376,20.8721,3.2256,0.1339
Mixtral-8x7B,600,16.88,512 KB,672,20.8721,0.4032,0.019
Mixtral-8x7B,600,16.88,4096 KB,84,20.8721,0.0504,0.0024
Mixtral-8x7B,600,16.88,whole expert,1,20.8721,0.0006,0.0
Mixtral-8x7B,600,67.5,4 KB,86016,5.2196,51.6096,0.9082
Mixtral-8x7B,600,67.5,64 KB,5376,5.2196,3.2256,0.3819
Mixtral-8x7B,600,67.5,512 KB,672,5.2196,0.4032,0.0717
Mixtral-8x7B,600,67.5,4096 KB,84,5.2196,0.0504,0.0096
Mixtral-8x7B,600,67.5,whole expert,1,5.2196,0.0006,0.0001
Mixtral-8x7B,800,16.88,4 KB,86016,20.8721,68.8128,0.7673
Mixtral-8x7B,800,16.88,64 KB,5376,20.8721,4.3008,0.1709
Mixtral-8x7B,800,16.88,512 KB,672,20.8721,0.5376,0.0251
Mixtral-8x7B,800,16.88,4096 KB,84,20.8721,0.0672,0.0032
Mixtral-8x7B,800,16.88,whole expert,1,20.8721,0.0008,0.0
Mixtral-8x7B,800,67.5,4 KB,86016,5.2196,68.8128,0.9295
Mixtral-8x7B,800,67.5,64 KB,5376,5.2196,4.3008,0.4517
Mixtral-8x7B,800,67.5,512 KB,672,5.2196,0.5376,0.0934
Mixtral-8x7B,800,67.5,4096 KB,84,5.2196,0.0672,0.0127
Mixtral-8x7B,800,67.5,whole expert,1,5.2196,0.0008,0.0002
Qwen3-235B-A22B,200,16.88,4 KB,9216,2.2363,1.8432,0.4518
Qwen3-235B-A22B,200,16.88,64 KB,576,2.2363,0.1152,0.049
Qwen3-235B-A22B,200,16.88,512 KB,72,2.2363,0.0144,0.0064
Qwen3-235B-A22B,200,16.88,4096 KB,9,2.2363,0.0018,0.0008
Qwen3-235B-A22B,200,16.88,whole expert,1,2.2363,0.0002,0.0001
Qwen3-235B-A22B,200,67.5,4 KB,9216,0.5592,1.8432,0.7672
Qwen3-235B-A22B,200,67.5,64 KB,576,0.5592,0.1152,0.1708
Qwen3-235B-A22B,200,67.5,512 KB,72,0.5592,0.0144,0.0251
Qwen3-235B-A22B,200,67.5,4096 KB,9,0.5592,0.0018,0.0032
Qwen3-235B-A22B,200,67.5,whole expert,1,0.5592,0.0002,0.0004
Qwen3-235B-A22B,300,16.88,4 KB,9216,2.2363,2.7648,0.5528
Qwen3-235B-A22B,300,16.88,64 KB,576,2.2363,0.1728,0.0717
Qwen3-235B-A22B,300,16.88,512 KB,72,2.2363,0.0216,0.0096
Qwen3-235B-A22B,300,16.88,4096 KB,9,2.2363,0.0027,0.0012
Qwen3-235B-A22B,300,16.88,whole expert,1,2.2363,0.0003,0.0001
Qwen3-235B-A22B,300,67.5,4 KB,9216,0.5592,2.7648,0.8318
Qwen3-235B-A22B,300,67.5,64 KB,576,0.5592,0.1728,0.2361
Qwen3-235B-A22B,300,67.5,512 KB,72,0.5592,0.0216,0.0372
Qwen3-235B-A22B,300,67.5,4096 KB,9,0.5592,0.0027,0.0048
Qwen3-235B-A22B,300,67.5,whole expert,1,0.5592,0.0003,0.0005
Qwen3-235B-A22B,400,16.88,4 KB,9216,2.2363,3.6864,0.6224
Qwen3-235B-A22B,400,16.88,64 KB,576,2.2363,0.2304,0.0934
Qwen3-235B-A22B,400,16.88,512 KB,72,2.2363,0.0288,0.0127
Qwen3-235B-A22B,400,16.88,4096 KB,9,2.2363,0.0036,0.0016
Qwen3-235B-A22B,400,16.88,whole expert,1,2.2363,0.0004,0.0002
Qwen3-235B-A22B,400,67.5,4 KB,9216,0.5592,3.6864,0.8683
Qwen3-235B-A22B,400,67.5,64 KB,576,0.5592,0.2304,0.2918
Qwen3-235B-A22B,400,67.5,512 KB,72,0.5592,0.0288,0.049
Qwen3-235B-A22B,400,67.5,4096 KB,9,0.5592,0.0036,0.0064
Qwen3-235B-A22B,400,67.5,whole expert,1,0.5592,0.0004,0.0007
Qwen3-235B-A22B,600,16.88,4 KB,9216,2.2363,5.5296,0.712
Qwen3-235B-A22B,600,16.88,64 KB,576,2.2363,0.3456,0.1339
Qwen3-235B-A22B,600,16.88,512 KB,72,2.2363,0.0432,0.019
Qwen3-235B-A22B,600,16.88,4096 KB,9,2.2363,0.0054,0.0024
Qwen3-235B-A22B,600,16.88,whole expert,1,2.2363,0.0006,0.0003
Qwen3-235B-A22B,600,67.5,4 KB,9216,0.5592,5.5296,0.9082
Qwen3-235B-A22B,600,67.5,64 KB,576,0.5592,0.3456,0.3819
Qwen3-235B-A22B,600,67.5,512 KB,72,0.5592,0.0432,0.0717
Qwen3-235B-A22B,600,67.5,4096 KB,9,0.5592,0.0054,0.0096
Qwen3-235B-A22B,600,67.5,whole expert,1,0.5592,0.0006,0.0011
Qwen3-235B-A22B,800,16.88,4 KB,9216,2.2363,7.3728,0.7673
Qwen3-235B-A22B,800,16.88,64 KB,576,2.2363,0.4608,0.1709
Qwen3-235B-A22B,800,16.88,512 KB,72,2.2363,0.0576,0.0251
Qwen3-235B-A22B,800,16.88,4096 KB,9,2.2363,0.0072,0.0032
Qwen3-235B-A22B,800,16.88,whole expert,1,2.2363,0.0008,0.0004
Qwen3-235B-A22B,800,67.5,4 KB,9216,0.5592,7.3728,0.9295
Qwen3-235B-A22B,800,67.5,64 KB,576,0.5592,0.4608,0.4517
Qwen3-235B-A22B,800,67.5,512 KB,72,0.5592,0.0576,0.0934
Qwen3-235B-A22B,800,67.5,4096 KB,9,0.5592,0.0072,0.0127
Qwen3-235B-A22B,800,67.5,whole expert,1,0.5592,0.0008,0.0014
DeepSeek-V3,200,16.88,4 KB,21504,5.218,4.3008,0.4518
DeepSeek-V3,200,16.88,64 KB,1344,5.218,0.2688,0.049
DeepSeek-V3,200,16.88,512 KB,168,5.218,0.0336,0.0064
DeepSeek-V3,200,16.88,4096 KB,21,5.218,0.0042,0.0008
DeepSeek-V3,200,16.88,whole expert,1,5.218,0.0002,0.0
DeepSeek-V3,200,67.5,4 KB,21504,1.3049,4.3008,0.7672
DeepSeek-V3,200,67.5,64 KB,1344,1.3049,0.2688,0.1708
DeepSeek-V3,200,67.5,512 KB,168,1.3049,0.0336,0.0251
DeepSeek-V3,200,67.5,4096 KB,21,1.3049,0.0042,0.0032
DeepSeek-V3,200,67.5,whole expert,1,1.3049,0.0002,0.0002
DeepSeek-V3,300,16.88,4 KB,21504,5.218,6.4512,0.5528
DeepSeek-V3,300,16.88,64 KB,1344,5.218,0.4032,0.0717
DeepSeek-V3,300,16.88,512 KB,168,5.218,0.0504,0.0096
DeepSeek-V3,300,16.88,4096 KB,21,5.218,0.0063,0.0012
DeepSeek-V3,300,16.88,whole expert,1,5.218,0.0003,0.0001
DeepSeek-V3,300,67.5,4 KB,21504,1.3049,6.4512,0.8318
DeepSeek-V3,300,67.5,64 KB,1344,1.3049,0.4032,0.2361
DeepSeek-V3,300,67.5,512 KB,168,1.3049,0.0504,0.0372
DeepSeek-V3,300,67.5,4096 KB,21,1.3049,0.0063,0.0048
DeepSeek-V3,300,67.5,whole expert,1,1.3049,0.0003,0.0002
DeepSeek-V3,400,16.88,4 KB,21504,5.218,8.6016,0.6224
DeepSeek-V3,400,16.88,64 KB,1344,5.218,0.5376,0.0934
DeepSeek-V3,400,16.88,512 KB,168,5.218,0.0672,0.0127
DeepSeek-V3,400,16.88,4096 KB,21,5.218,0.0084,0.0016
DeepSeek-V3,400,16.88,whole expert,1,5.218,0.0004,0.0001
DeepSeek-V3,400,67.5,4 KB,21504,1.3049,8.6016,0.8683
DeepSeek-V3,400,67.5,64 KB,1344,1.3049,0.5376,0.2918
DeepSeek-V3,400,67.5,512 KB,168,1.3049,0.0672,0.049
DeepSeek-V3,400,67.5,4096 KB,21,1.3049,0.0084,0.0064
DeepSeek-V3,400,67.5,whole expert,1,1.3049,0.0004,0.0003
DeepSeek-V3,600,16.88,4 KB,21504,5.218,12.9024,0.712
DeepSeek-V3,600,16.88,64 KB,1344,5.218,0.8064,0.1339
DeepSeek-V3,600,16.88,512 KB,168,5.218,0.1008,0.019
DeepSeek-V3,600,16.88,4096 KB,21,5.218,0.0126,0.0024
DeepSeek-V3,600,16.88,whole expert,1,5.218,0.0006,0.0001
DeepSeek-V3,600,67.5,4 KB,21504,1.3049,12.9024,0.9082
DeepSeek-V3,600,67.5,64 KB,1344,1.3049,0.8064,0.3819
DeepSeek-V3,600,67.5,512 KB,168,1.3049,0.1008,0.0717
DeepSeek-V3,600,67.5,4096 KB,21,1.3049,0.0126,0.0096
DeepSeek-V3,600,67.5,whole expert,1,1.3049,0.0006,0.0005
DeepSeek-V3,800,16.88,4 KB,21504,5.218,17.2032,0.7673
DeepSeek-V3,800,16.88,64 KB,1344,5.218,1.0752,0.1709
DeepSeek-V3,800,16.88,512 KB,168,5.218,0.1344,0.0251
DeepSeek-V3,800,16.88,4096 KB,21,5.218,0.0168,0.0032
DeepSeek-V3,800,16.88,whole expert,1,5.218,0.0008,0.0002
DeepSeek-V3,800,67.5,4 KB,21504,1.3049,17.2032,0.9295
DeepSeek-V3,800,67.5,64 KB,1344,1.3049,1.0752,0.4517
DeepSeek-V3,800,67.5,512 KB,168,1.3049,0.1344,0.0934
DeepSeek-V3,800,67.5,4096 KB,21,1.3049,0.0168,0.0127
DeepSeek-V3,800,67.5,whole expert,1,1.3049,0.0008,0.0006
